iter	Logloss
0	0.4652775083
1	0.395913129
2	0.3732685586
3	0.364913437
4	0.3583197704
5	0.355999344
6	0.3552018546
7	0.3544498044
8	0.3540666976
9	0.3538807468
10	0.3537801781
11	0.3515153401
12	0.3513781351
13	0.3505216808
14	0.3504791744
15	0.3504406673
16	0.3500501605
17	0.3500387432
18	0.3498529592
19	0.3496202037
